route_id,vehicle_slot,vehicle_type,power_type,vehicle_instance,stop_index,unit_id,orig_cust_id,business_customer_id,service_node_id,unit_type,visit_index,required_visit_count,source_order_ids,arrival_min,arrival_hhmm,service_start_min,service_start_hhmm,service_end_min,service_end_hhmm,waiting_min,late_min,delivered_weight_kg,delivered_volume_m3,remaining_weight_after_stop_kg,remaining_volume_after_stop_m3,tw_start_min,tw_start_hhmm,tw_end_min,tw_end_hhmm,policy_tw_start_min,policy_tw_start_hhmm,policy_tw_end_min,policy_tw_end_hhmm,policy_vehicle_window_type,in_green_zone,must_use_ev_under_policy,fuel_allowed_after_16,after_hours_service_flag,late_positive_flag,prev_node,arc_departure_min,arc_departure_hhmm,travel_min,leg_energy_cost,leg_carbon_cost,leg_fuel_l,leg_electricity_kwh,leg_distance_km,leg_after_hours_distance_km,original_stop_index,remaining_stop_index,current_frozen_flag,editable_flag,status_at_event
4,ev_1250#6,ev_1250,ev,6,1,178,23,23,23,normal,1,1,-100178,638.3,18:38,638.3,18:38,658.3,18:58,0.0,323.3,900.0,3.0,0.0,0.0,250,12:10,315,13:15,250.0,12:10,315.0,13:15,ev,0,0,0,0,1,0,450.0,15:30,188.27757263183594,52.64810310302734,10.454179741159058,25.020707344055175,32.10250189208984,75.42916107177734,0.0,1,1,0,1,depot_pending
5,ev_1250#7,ev_1250,ev,7,1,70,28,28,28,mandatory_split,3,3,"901,1177,1355,2012",696.5,19:37,696.5,19:37,716.5,19:57,0.0,0.0,1246.3795,3.16196,0.0,0.0,687,19:27,755,20:35,687.0,19:27,755.0,20:35,ev,0,0,0,0,0,0,630.0,18:30,66.51201629638672,45.88763829844023,9.111774031638452,20.898462473275796,27.980267255146483,61.30190658569336,0.0,1,1,0,1,depot_pending
7,ev_1250#10,ev_1250,ev,10,1,178,23,23,23,normal,1,1,-100178,485.4,16:05,485.4,16:05,505.4,16:25,0.0,170.4,900.0,3.0,0.0,0.0,250,12:10,315,13:15,250.0,12:10,315.0,13:15,ev,0,0,0,0,1,0,380.0,14:20,105.36016082763672,52.293217861022946,10.383711217342759,24.14108736419678,31.886108451843263,75.42916107177734,0.0,1,1,1,0,onboard
8,ev_1250#12,ev_1250,ev,12,1,110,52,52,52,mandatory_split,1,5,"426,671,982",511.6,16:32,511.6,16:32,531.6,16:52,0.0,0.0,1247.9146,2.84981,0.0,0.0,425,15:05,512,16:32,425.0,15:05,512.0,16:32,ev,0,0,0,0,0,0,382.0,14:22,129.6346435546875,66.54185303064185,13.213020999651533,30.79657797056854,40.57430062844015,89.08777618408203,0.0,1,1,1,0,onboard
13,fuel_1250#1,fuel_1250,fuel,1,1,83,43,43,43,mandatory_split,1,4,"882,1452,1750,2124",541.5,17:01,541.5,17:01,561.5,17:21,0.0,0.0,1247.5221,2.62516,0.0,0.0,533,16:53,617,18:17,533.0,16:53,617.0,18:17,fuel,0,0,0,0,0,0,475.0,15:55,66.46044158935547,106.27357886944195,23.119740275598506,13.96499065301471,18.198676369379914,38.588539123535156,0.0,1,1,0,1,depot_pending
14,fuel_1500#1,fuel_1500,fuel,1,1,2,4,4,4,normal,1,1,"11,17,61,70,136,148,187,216,221,243,271,282",720.0,20:00,720.0,20:00,740.0,20:20,0.0,0.0,1443.5621,3.490997,0.0,0.0,689,19:29,757,20:37,689.0,19:29,757.0,20:37,fuel,1,0,1,0,0,0,682.0,19:22,38.00989532470703,93.30029436811097,20.297411608557965,12.26022265021169,16.414739490843708,35.029170989990234,0.0,1,1,0,1,depot_pending
15,fuel_1500#2,fuel_1500,fuel,2,1,68,28,28,28,mandatory_split,1,3,773,720.8,20:01,720.8,20:01,740.8,20:21,0.0,0.0,1356.8821,3.10427,0.0,0.0,687,19:27,755,20:35,687.0,19:27,755.0,20:35,fuel,0,0,0,0,0,0,654.0,18:54,66.79984283447266,160.5799959316988,34.93406205843941,21.10118211980273,28.24588571638494,61.30190658569336,0.0,1,1,0,1,depot_pending
16,fuel_1500#3,fuel_1500,fuel,3,1,88,44,44,44,mandatory_split,2,4,"779,919,1359,1513,1782",542.1,17:02,542.1,17:02,562.1,17:22,0.0,0.0,1248.3566,2.90366,0.0,0.0,541,17:01,629,18:29,541.0,17:01,629.0,18:29,fuel,0,0,0,0,0,0,462.0,15:42,80.10550689697266,121.65684141369132,26.46635792410469,15.986444338198597,20.830444187635393,46.36389923095703,0.0,1,1,0,1,depot_pending
17,fuel_1500#6,fuel_1500,fuel,6,1,34,81,81,81,normal,1,1,"434,590,607,653,933,1284,1449,1675,1735,1796,1884,2061",544.5,17:05,544.5,17:05,564.5,17:25,0.0,0.0,1343.6123,3.64803,14.89,0.04317,544,17:04,608,18:08,544.0,17:04,608.0,18:08,fuel,0,0,0,0,0,0,445.0,15:25,99.5413818359375,152.42405281764582,33.15974252854843,20.02944189456581,26.084097241121977,56.7917594909668,0.0,1,1,1,0,onboard
17,fuel_1500#6,fuel_1500,fuel,6,2,0,2,2,2,normal,1,1,189,637.0,18:37,637.0,18:37,657.0,18:57,0.0,0.0,14.89,0.04317,0.0,0.0,593,17:53,649,18:49,593.0,17:53,649.0,18:49,fuel,1,0,1,0,0,81,564.5,17:24,72.49723815917969,36.55410440202213,7.952318993793396,4.803430276218414,5.965975161471048,17.14745330810547,0.0,2,2,0,1,onboard
18,fuel_1500#9,fuel_1500,fuel,9,1,167,96,71,96,mandatory_split,1,3,"1018,1071,1285,1332,1431,1855,1939,2014",720.4,20:00,720.4,20:00,740.4,20:20,0.0,0.0,1247.3338,4.84749,0.0,0.0,679,19:19,765,20:45,679.0,19:19,765.0,20:45,fuel,0,0,0,0,0,0,655.0,18:55,65.35140228271484,154.07990254840266,33.51997144073693,20.247030558265788,27.105594653601074,60.11566162109375,0.0,1,1,0,1,depot_pending
19,fuel_1500#10,fuel_1500,fuel,10,1,84,43,43,43,mandatory_split,2,4,"321,366,386,416,510,535,536,545,553,628,654,768,781,786,794,800,924,969,974,1033,1256,1356,1458,1493,1516,1551,1602,1618,1628,1938,2095,2114,2155",541.5,17:01,541.5,17:01,561.5,17:21,0.0,0.0,1301.829,5.07067,0.0,0.0,533,16:53,617,18:17,533.0,16:53,617.0,18:17,fuel,0,0,0,0,0,0,475.0,15:55,66.46044158935547,102.32003700001006,22.259650099259748,13.445471353483581,17.521657398531342,38.588539123535156,0.0,1,1,0,1,depot_pending
20,fuel_1500#11,fuel_1500,fuel,11,1,85,43,43,43,mandatory_split,3,4,"1267,1783,1993",541.5,17:01,541.5,17:01,561.5,17:21,0.0,0.0,1248.0797,3.09064,0.0,0.0,533,16:53,617,18:17,533.0,16:53,617.0,18:17,fuel,0,0,0,0,0,0,475.0,15:55,66.46044158935547,101.23139556643727,22.02281694218334,13.302417288625133,17.335234457451808,38.588539123535156,0.0,1,1,0,1,depot_pending
21,fuel_1500#12,fuel_1500,fuel,12,1,86,43,43,43,mandatory_split,4,4,1786,541.5,17:01,541.5,17:01,561.5,17:21,0.0,0.0,1264.1499,2.83041,0.0,0.0,533,16:53,617,18:17,533.0,16:53,617.0,18:17,fuel,0,0,0,0,0,0,475.0,15:55,66.46044158935547,101.55688232748906,22.09362635181006,13.34518821649002,17.3909720009684,38.588539123535156,0.0,1,1,0,1,depot_pending
22,fuel_1500#13,fuel_1500,fuel,13,1,87,44,44,44,mandatory_split,1,4,"303,311,690,743,795,799,822,831,929,999,1117,1183,1191,1201,1294,1385,1434,1437,1479,2064",628.8,18:29,628.8,18:29,648.8,18:49,0.0,0.0,807.4513,2.69244,654.0499,1.69407,541,17:01,629,18:29,541.0,17:01,629.0,18:29,fuel,0,0,0,0,0,0,486.0,16:06,142.79937744140625,132.30385217494364,28.782607420266487,17.385525909979453,22.004455026436055,46.36389923095703,0.0,1,1,0,1,depot_pending
22,fuel_1500#13,fuel_1500,fuel,13,2,69,28,28,28,mandatory_split,2,3,"558,1946",663.7,19:04,687.0,19:27,707.0,19:47,23.3,0.0,654.0499,1.69407,0.0,0.0,687,19:27,755,20:35,687.0,19:27,755.0,20:35,fuel,0,0,0,0,0,44,648.7993774414062,18:49,14.902743339538574,31.022625078668582,6.748949664781837,4.076560457118079,5.457973886752904,13.73536205291748,0.0,2,2,0,1,depot_pending
23,fuel_1500#14,fuel_1500,fuel,14,1,89,44,44,44,mandatory_split,3,4,"383,942",542.1,17:02,542.1,17:02,562.1,17:22,0.0,0.0,1248.284,2.84909,0.0,0.0,541,17:01,629,18:29,541.0,17:01,629.0,18:29,fuel,0,0,0,0,0,0,462.0,15:42,80.10550689697266,121.65507437556391,26.465973506237166,15.986212138707478,20.830141630141192,46.36389923095703,0.0,1,1,0,1,depot_pending
24,fuel_1500#15,fuel_1500,fuel,15,1,90,44,44,44,mandatory_split,4,4,"327,674,1144",542.1,17:02,542.1,17:02,562.1,17:22,0.0,0.0,1248.217,3.17884,0.0,0.0,541,17:01,629,18:29,541.0,17:01,629.0,18:29,fuel,0,0,0,0,0,0,462.0,15:42,80.10550689697266,121.65344363789812,26.46561874043656,15.985997849920908,20.82986241041514,46.36389923095703,0.0,1,1,0,1,depot_pending
25,fuel_1500#16,fuel_1500,fuel,16,1,91,45,45,45,mandatory_split,1,4,"318,447,467,485,867,1072,1074,1481,1543,1726,1888,1933,2010",457.4,15:37,457.4,15:37,477.4,15:57,0.0,0.0,1499.618,4.08271,0.0,0.0,457,15:37,516,16:36,457.0,15:37,516.0,16:36,fuel,0,0,0,0,0,0,398.0,14:38,59.42231369018555,115.37314359039739,25.099344004084415,15.160728461287436,20.01933392143809,42.355831146240234,0.0,1,1,1,0,onboard
26,fuel_1500#17,fuel_1500,fuel,17,1,92,45,45,45,mandatory_split,2,4,"921,931,1032,1197,1298,1461,1467,1495,2044,2098,2112,2160",457.4,15:37,457.4,15:37,477.4,15:57,0.0,0.0,1498.5366,3.79258,0.0,0.0,457,15:37,516,16:36,457.0,15:37,516.0,16:36,fuel,0,0,0,0,0,0,398.0,14:38,59.42231369018555,115.34937719111296,25.09417364109686,15.15760541276123,20.01521001990799,42.355831146240234,0.0,1,1,1,0,onboard
27,fuel_1500#18,fuel_1500,fuel,18,1,93,45,45,45,mandatory_split,3,4,"474,856,1046,1106,1172,1374,1515,1863,1895,1928,1968",457.4,15:37,457.4,15:37,477.4,15:57,0.0,0.0,1306.6394,2.88896,0.0,0.0,457,15:37,516,16:36,457.0,15:37,516.0,16:36,fuel,0,0,0,0,0,0,398.0,14:38,59.42231369018555,111.1319687605957,24.176679485099108,14.603412452115071,19.283413130041147,42.355831146240234,0.0,1,1,1,0,onboard
28,fuel_1500#19,fuel_1500,fuel,19,1,94,45,45,45,mandatory_split,4,4,"343,521,603,886,1210,1316,1444",457.4,15:37,457.4,15:37,477.4,15:57,0.0,0.0,1495.1316,7.64912,0.0,0.0,457,15:37,516,16:36,457.0,15:37,516.0,16:36,fuel,0,0,0,0,0,0,398.0,14:38,59.42231369018555,115.2745440215518,25.077893739143246,15.147771881938477,20.002225107100525,42.355831146240234,0.0,1,1,1,0,onboard
29,fuel_1500#23,fuel_1500,fuel,23,1,107,51,51,51,mandatory_split,1,3,"446,450,840,1245,2029",574.6,17:35,574.6,17:35,594.6,17:55,0.0,0.0,1249.2591,2.63726,0.0,0.0,573,17:33,639,18:39,573.0,17:33,639.0,18:39,fuel,0,0,0,0,0,0,482.0,16:02,92.58319091796875,106.61199582469709,23.19336263962908,14.009460686556778,18.01907331242157,39.868587493896484,0.0,1,1,0,1,depot_pending
30,fuel_1500#24,fuel_1500,fuel,24,1,109,51,51,51,mandatory_split,3,3,"419,524,1407,1546,1569,1815,1856",574.6,17:35,574.6,17:35,594.6,17:55,0.0,0.0,1246.334755,3.87228,0.0,0.0,573,17:33,639,18:39,573.0,17:33,639.0,18:39,fuel,0,0,0,0,0,0,482.0,16:02,92.58319091796875,106.54963252955856,23.17979554984372,14.001265772609536,18.008532952695514,39.868587493896484,0.0,1,1,0,1,depot_pending
33,fuel_1500#27,fuel_1500,fuel,27,1,114,52,52,52,mandatory_split,5,5,451,480.4,16:00,480.4,16:00,500.4,16:20,0.0,0.0,1255.4001,2.79047,46.248,0.2733,425,15:05,512,16:32,425.0,15:05,512.0,16:32,fuel,0,0,0,0,0,0,362.0,14:02,118.39170837402344,232.88339984135004,50.66361532291026,30.602286444329835,40.53933725484101,89.08777618408203,0.0,1,1,1,0,onboard
33,fuel_1500#27,fuel_1500,fuel,27,2,42,89,89,89,normal,1,1,469,542.3,17:02,542.3,17:02,562.3,17:22,0.0,0.0,46.248,0.2733,0.0,0.0,491,16:11,553,17:13,491.0,16:11,553.0,17:13,fuel,0,0,0,0,0,52,500.4,16:20,41.85616912841791,47.350395228834095,10.301044260328029,6.222128150963744,8.101048860731812,23.732507705688477,0.0,2,2,0,1,onboard
34,fuel_1500#28,fuel_1500,fuel,28,1,117,53,53,53,mandatory_split,3,3,"571,1115,1213,1321",651.9,18:52,651.9,18:52,671.9,19:12,0.0,0.0,1498.4656,3.52428,0.0,0.0,599,17:59,652,18:52,599.0,17:59,652.0,18:52,fuel,0,0,0,0,0,0,627.0,18:27,24.942447662353516,55.97383122186851,12.17706652816878,7.355299766342774,9.818068063525189,20.713623046875,0.0,1,1,0,1,depot_pending
35,fuel_1500#29,fuel_1500,fuel,29,1,119,54,54,54,mandatory_split,2,5,"486,625,731,748,846,863,1160,1176,1391,1405,1413,1426,1474,1477,1770,1816,1835,1942,2169",559.5,17:20,560.0,17:20,580.0,17:40,0.5,0.0,1441.055393,3.17285,0.0,0.0,560,17:20,568,17:28,560.0,17:20,568.0,17:28,fuel,0,0,0,0,0,0,396.0,14:36,163.50291442871094,261.51959124550586,56.8933980665568,34.36525509139367,44.93527918860268,96.10547637939453,0.0,1,1,1,0,onboard
42,fuel_1500#38,fuel_1500,fuel,38,1,124,55,55,55,mandatory_split,2,5,"661,865,1831",597.6,17:58,597.6,17:58,617.6,18:18,0.0,0.0,1498.5906,3.26315,0.0,0.0,595,17:55,672,19:12,595.0,17:55,672.0,19:12,fuel,0,0,0,0,0,0,444.0,15:24,153.57125854492188,185.43134569806793,40.34045523921635,24.36679969751221,31.338662594913334,66.04330444335938,0.0,1,1,1,0,onboard
43,fuel_1500#39,fuel_1500,fuel,39,1,156,65,65,65,mandatory_split,1,5,"358,381,557,631,755,782,1110,1265,1282,1317,1366,1392,1660,1732,1958,2062,2097",539.6,17:00,539.6,17:00,559.6,17:20,0.0,0.0,1498.1363,5.01876,0.0,0.0,477,15:57,563,17:23,477.0,15:57,563.0,17:23,fuel,0,0,0,0,0,0,466.0,15:46,73.62248992919922,119.54812140360865,26.00760740995326,15.709345782340163,20.48425345091474,43.4372673034668,0.0,1,1,0,1,depot_pending
44,fuel_1500#40,fuel_1500,fuel,40,1,157,65,65,65,mandatory_split,2,5,"349,979,1013,2088",542.2,17:02,542.2,17:02,562.2,17:22,0.0,0.0,1249.7897,2.12534,0.0,0.0,477,15:57,563,17:23,477.0,15:57,563.0,17:23,fuel,0,0,0,0,0,0,467.0,15:47,75.24857330322266,114.0268394698672,24.80645651568182,14.983815961874795,19.522030177060824,43.4372673034668,0.0,1,1,0,1,depot_pending
45,fuel_1500#41,fuel_1500,fuel,41,1,158,65,65,65,mandatory_split,3,5,1721,542.2,17:02,542.2,17:02,562.2,17:22,0.0,0.0,1266.0502,3.214783,0.0,0.0,477,15:57,563,17:23,477.0,15:57,563.0,17:23,fuel,0,0,0,0,0,0,467.0,15:47,75.24857330322266,114.39768175213355,24.887132986168822,15.0325468793868,19.58552044180018,43.4372673034668,0.0,1,1,0,1,depot_pending
46,fuel_1500#42,fuel_1500,fuel,42,1,159,65,65,65,mandatory_split,4,5,"1725,1737,1930",542.2,17:02,542.2,17:02,562.2,17:22,0.0,0.0,1248.9692,3.36271,0.0,0.0,477,15:57,563,17:23,477.0,15:57,563.0,17:23,fuel,0,0,0,0,0,0,467.0,15:47,75.24857330322266,114.00812687845861,24.802385604945094,14.981357014252117,19.518826477161156,43.4372673034668,0.0,1,1,0,1,depot_pending
47,fuel_1500#43,fuel_1500,fuel,43,1,160,65,65,65,mandatory_split,5,5,"460,531,541,568,569,633,640,649,722,723,807,888,904,916,993,1061,1135,1271,1281,1325,1403,1464,1576,1589,1913,1948,1950,2115,2141",542.2,17:02,542.2,17:02,562.2,17:22,0.0,0.0,1289.6413,4.2575,0.0,0.0,477,15:57,563,17:23,477.0,15:57,563.0,17:23,fuel,0,0,0,0,0,0,467.0,15:47,75.24857330322266,114.9357080960451,25.00418022843725,15.103246793172811,19.677633549299493,43.4372673034668,0.0,1,1,0,1,depot_pending
48,fuel_1500#44,fuel_1500,fuel,44,1,161,68,68,68,mandatory_split,1,4,"699,1082,1605",707.2,19:47,707.2,19:47,727.2,20:07,0.0,0.0,1495.6782,3.40098,0.0,0.0,631,18:31,708,19:48,631.0,18:31,708.0,19:48,fuel,0,0,0,0,0,0,652.0,18:52,55.21357345581055,136.90131425267612,29.782781972538498,17.989660217171632,24.08576806151276,50.888511657714844,0.0,1,1,0,1,depot_pending
49,fuel_1500#45,fuel_1500,fuel,45,1,163,68,68,68,mandatory_split,3,4,"646,832,1352,1532,1634",707.2,19:47,707.2,19:47,727.2,20:07,0.0,0.0,1498.165,3.19567,0.0,0.0,631,18:31,708,19:48,631.0,18:31,708.0,19:48,fuel,0,0,0,0,0,0,652.0,18:52,55.21357345581055,136.96621457162507,29.796900990020223,17.99818851138306,24.097186315879824,50.888511657714844,0.0,1,1,0,1,depot_pending
52,fuel_1500#49,fuel_1500,fuel,49,1,178,23,23,23,normal,1,1,-100178,454.1,15:34,454.1,15:34,474.1,15:54,0.0,139.1,900.0,3.0,0.0,0.0,250,12:10,315,13:15,250.0,12:10,315.0,13:15,fuel,0,0,0,0,1,0,360.0,14:00,94.11722564697266,180.96112329177856,39.36796158550644,23.779385452270507,31.61224006652832,75.42916107177734,0.0,1,1,1,0,onboard
53,fuel_1500#50,fuel_1500,fuel,50,1,164,68,68,68,mandatory_split,4,4,"372,703,1381,1827,2117",707.2,19:47,707.2,19:47,727.2,20:07,0.0,0.0,1498.6082,3.71238,0.0,0.0,631,18:31,708,19:48,631.0,18:31,708.0,19:48,fuel,0,0,0,0,0,0,652.0,18:52,55.21357345581055,136.97778117181736,29.799417295532493,17.9997084325647,24.09922128867035,50.888511657714844,0.0,1,1,0,1,depot_pending
54,fuel_3000#1,fuel_3000,fuel,1,1,108,51,51,51,mandatory_split,2,3,"304,559,605,612,652,667,681,704,717,727,730,747,796,936,961,972,1006,1217,1237,1306,1323,1369,1389,1416,1419,1420,1438,1521,1541,1556,1691,1714,1728,1812,1875,1887,1918,1932,1976,2001,2116,2166",638.7,18:39,638.7,18:39,658.7,18:59,0.0,0.0,1006.351212,3.24977,1977.9791,7.77953,573,17:33,639,18:39,573.0,17:33,639.0,18:39,fuel,0,0,0,0,0,0,511.0,16:31,127.74349212646484,114.81352081793267,24.9775984743927,15.08719064624608,19.093965598633968,39.868587493896484,0.0,1,1,0,1,depot_pending
54,fuel_3000#1,fuel_3000,fuel,1,2,3,5,5,5,normal,1,1,"9,29,43,46,52,81,88,89,96,103,112,126,128,152,157,166,177,238,254,267,279,292,293",681.4,19:21,688.0,19:28,708.0,19:48,6.6,0.0,731.6005,2.31239,1246.3786,5.46714,688,19:28,746,20:26,688.0,19:28,746.0,20:26,fuel,1,0,1,0,0,51,658.7434921264648,18:59,22.684324264526367,50.81263134726274,11.054251225619032,6.677086905027955,8.939733383790175,20.907384872436523,0.0,2,2,0,1,depot_pending
54,fuel_3000#1,fuel_3000,fuel,1,3,64,10,10,10,mandatory_split,2,3,"4,14,16,57,179,191,269",711.2,19:51,711.2,19:51,731.2,20:11,0.0,0.0,1246.3786,5.46714,0.0,0.0,700,19:40,749,20:29,700.0,19:40,749.0,20:29,fuel,1,0,1,0,0,5,708.0,19:48,3.1575400829315186,6.526904059473891,1.4199232609279895,0.8576746464486058,1.1483125910185321,2.9101994037628174,0.0,3,3,0,1,depot_pending
55,fuel_3000#2,fuel_3000,fuel,2,1,75,36,36,36,mandatory_split,2,2,"497,562,586,818,874,989,1026,1138,1279,1289,1411,1552,1705,1869,2034,2162",481.1,16:01,481.1,16:01,501.1,16:21,0.0,0.0,1297.2845,4.16881,1605.2619,4.36803,436,15:16,501,16:21,436.0,15:16,501.0,16:21,fuel,0,0,0,0,0,0,399.0,14:39,82.05815887451172,149.88930418542833,32.60830979555662,19.696360602553,25.920000864864505,55.37931442260742,0.0,1,1,1,0,onboard
55,fuel_3000#2,fuel_3000,fuel,2,2,37,84,84,84,normal,1,1,"914,1129,1278,1459,1494,1834,1860,1921,1998,2110",539.6,17:00,539.6,17:00,559.6,17:20,0.0,0.0,1605.2619,4.36803,0.0,0.0,494,16:14,549,17:09,494.0,16:14,549.0,17:09,fuel,0,0,0,0,0,36,501.1,16:21,38.49027519226077,54.08232820059377,11.765571412942577,7.106744835820469,9.26594482439156,22.649351119995117,0.0,2,2,0,1,onboard
56,fuel_3000#3,fuel_3000,fuel,3,3,13,29,29,29,normal,1,1,"334,1011,1139",389.0,14:29,578.0,17:38,598.0,17:58,189.0,0.0,873.945,2.04764,0.0,0.0,578,17:38,663,19:03,578.0,17:38,663.0,19:03,fuel,0,0,0,0,0,46,266.4160558478907,12:26,122.57540796768248,189.86332112094078,41.30462828932635,24.949188057942283,33.13840031394944,87.50584411621094,0.0,3,1,1,0,onboard
57,fuel_3000#4,fuel_3000,fuel,4,2,27,69,69,69,normal,1,1,"306,322,430,685,801,827,836,877,884,944,980,1010,1015,1288,1315,1433,1448,1480,1518,1584,1620,1672,1678,1709,1794,1819,1833,1852,1880,1941,2013,2108",342.4,13:42,466.0,15:46,486.0,16:06,123.6,0.0,2288.8859,6.06402,0.0,0.0,466,15:46,549,17:09,466.0,15:46,549.0,17:09,fuel,0,0,0,0,0,37,182.13996124267578,11:02,160.24936361715663,183.30996002850645,39.8789493199992,24.08803679743843,31.226171716835122,70.20625305175781,0.0,2,1,1,0,onboard
58,fuel_3000#5,fuel_3000,fuel,5,1,11,25,25,25,normal,1,1,"1548,1778,2017,2074,2135",540.7,17:01,540.7,17:01,560.7,17:21,0.0,0.0,2528.1351,5.33839,0.0,0.0,499,16:19,569,17:29,499.0,16:19,569.0,17:29,fuel,0,0,0,0,0,0,483.0,16:03,57.68053436279297,88.76199111786143,19.310107016448818,11.663862170546837,15.204224910294114,33.741153717041016,0.0,1,1,0,1,depot_pending
59,fuel_3000#7,fuel_3000,fuel,7,1,21,40,40,40,normal,1,1,"314,663,763,906,997,1005,1140,1473,1537,1562,1637,1654,1685,1757,1836,1897,2006",595.2,17:55,595.2,17:55,615.2,18:15,0.0,0.0,2691.1358,7.9507,0.0,0.0,592,17:52,664,19:04,592.0,17:52,664.0,19:04,fuel,0,0,0,0,0,0,463.0,15:43,132.188720703125,148.88325081809435,32.38944361260133,19.564159108816604,25.10636801789393,54.444156646728516,0.0,1,1,0,1,depot_pending
60,fuel_3000#8,fuel_3000,fuel,8,2,49,97,97,97,normal,1,1,651,433.7,15:14,433.7,15:14,453.7,15:34,0.0,2.7,17.48,0.04201,0.0,0.0,342,13:42,431,15:11,342.0,13:42,431.0,15:11,fuel,0,0,0,0,1,58,398.0,14:38,35.72871398925781,55.05246143726896,11.976623197433721,7.234226207262675,9.61241815906779,28.37660789489746,0.0,2,1,1,0,onboard
61,fuel_3000#10,fuel_3000,fuel,10,1,23,47,47,47,normal,1,1,"339,363,393,445,453,492,501,503,567,574,638,736,775,879,881,907,953,967,1048,1081,1094,1301,1358,1400,1414,1542,1622,1625,1630,1635,1649,1652,1716,1752,1917,2023,2033,2126",655.9,18:56,655.9,18:56,675.9,19:16,0.0,0.0,2803.414845,8.09606,0.0,0.0,655,18:55,715,19:55,655.0,18:55,715.0,19:55,fuel,0,0,0,0,0,0,638.0,18:38,17.935230255126953,43.67352418325924,9.501143621760162,5.738965070073487,7.68371313564316,16.530303955078125,0.0,1,1,0,1,depot_pending
62,fuel_3000#11,fuel_3000,fuel,11,1,26,67,67,67,normal,1,1,"330,352,356,490,564,741,769,802,826,852,859,861,995,1004,1009,1120,1155,1162,1174,1202,1231,1247,1314,1327,1341,1373,1429,1502,1519,1534,1572,1592,1640,1647,1682,1689,1739,1742,1744,1755,1915,1935,1943,1978,1992,2025,2066,2094,2111,2157",720.4,20:00,720.4,20:00,740.4,20:20,0.0,0.0,2885.641443,8.92494,0.0,0.0,652,18:52,736,20:16,652.0,18:52,736.0,20:16,fuel,0,0,0,0,0,0,665.0,19:05,55.44487762451172,135.71239774738402,29.52413404608168,17.83342940175874,23.873315004884738,50.95414352416992,0.0,1,1,0,1,depot_pending
63,fuel_3000#12,fuel_3000,fuel,12,2,30,77,77,77,normal,1,1,"323,335,493,560,749,821,868,1198,1338,1368,1492,1760,1818,1820,1857,2090,2104",655.1,18:55,656.0,18:56,676.0,19:16,0.9,0.0,1968.2668,5.09682,25.5,0.0646,656,18:56,737,20:17,656.0,18:56,737.0,20:17,fuel,0,0,0,0,0,83,422.8446111679077,15:03,232.21857505534717,270.0573024548566,58.75077096966332,35.48716195201795,45.917277570598415,106.92157745361328,0.0,2,1,1,0,onboard
63,fuel_3000#12,fuel_3000,fuel,12,3,50,98,98,98,normal,1,1,958,690.4,19:30,690.4,19:30,710.4,19:50,0.0,0.0,25.5,0.0646,0.0,0.0,678,19:18,761,20:41,678.0,19:18,761.0,20:41,fuel,0,0,0,0,0,77,676.0,19:16,14.434194564819336,25.671901147860055,5.584903540780514,3.3734429892063145,4.516592316150666,13.303516387939453,0.0,3,2,0,1,onboard
64,fuel_3000#13,fuel_3000,fuel,13,1,65,10,10,10,mandatory_split,3,3,58,700.3,19:40,700.3,19:40,720.3,20:00,0.0,0.0,1606.8,4.82722,1370.5,3.57659,700,19:40,749,20:29,700.0,19:40,749.0,20:29,fuel,1,0,1,0,0,0,647.0,18:47,53.31499099731445,132.01667952690684,28.7201332182353,17.347789688161214,23.226389620895386,49.138648986816406,0.0,1,1,0,1,depot_pending
64,fuel_3000#13,fuel_3000,fuel,13,2,169,96,71,96,mandatory_split,3,3,825,776.7,20:57,776.7,20:57,796.7,21:17,0.0,11.7,1370.5,3.57659,0.0,0.0,679,19:19,765,20:45,679.0,19:19,765.0,20:45,fuel,0,0,0,0,1,10,720.3149909973145,20:00,56.42310333251953,77.42874843050704,16.844568260726138,10.174605575625103,13.267210463968913,33.28963088989258,0.0,2,2,0,1,depot_pending
68,fuel_3000#18,fuel_3000,fuel,18,1,28,72,72,72,normal,1,1,"317,368,395,466,491,548,580,611,632,848,973,1040,1070,1077,1165,1208,1273,1274,1320,1330,1348,1397,1406,1463,1472,1573,1658,1662,1708,1710,1745,1800,1904,1923,1991,2027",675.1,19:15,675.1,19:15,695.1,19:35,0.0,0.0,2725.3232,7.50056,0.0,0.0,673,19:13,755,20:35,673.0,19:13,755.0,20:35,fuel,0,0,0,0,0,0,630.0,18:30,45.06437683105469,108.90316190431508,23.691804164348078,14.310533758779906,19.159906600602824,41.534332275390625,0.0,1,1,0,1,depot_pending
69,fuel_3000#19,fuel_3000,fuel,19,1,12,26,26,26,normal,1,1,"452,1453,1454",516.3,16:36,516.3,16:36,536.3,16:56,0.0,0.0,45.8132,0.1362,2934.0542,6.67043,470,15:50,552,17:12,470.0,15:50,552.0,17:12,fuel,0,0,0,0,0,0,396.0,14:36,120.30148315429688,215.572346495825,46.897608178865056,28.327509394983572,37.21046936773499,78.93787384033203,0.0,1,1,1,0,onboard
69,fuel_3000#19,fuel_3000,fuel,19,2,122,54,54,54,mandatory_split,5,5,"379,845,1430,1577,1642,2004",560.7,17:21,560.7,17:21,580.7,17:41,0.0,0.0,1499.42,3.36063,1434.6342,3.3098,560,17:20,568,17:28,560.0,17:20,568.0,17:28,fuel,0,0,0,0,0,26,536.3,16:56,24.424649620056034,16.539930401365638,3.598249904859512,2.1734468332937764,2.678598826789285,5.568026065826416,0.0,2,2,0,1,onboard
69,fuel_3000#19,fuel_3000,fuel,19,3,67,27,27,27,mandatory_split,2,2,"400,468,902,1043,1078,1158,1190,1809",636.8,18:37,636.8,18:37,656.8,18:57,0.0,0.0,1434.6342,3.3098,0.0,0.0,591,17:51,667,19:07,591.0,17:51,667.0,19:07,fuel,0,0,0,0,0,54,580.724649620056,17:41,56.02770527934787,35.77294486592118,7.782378301284601,4.700781191316843,5.878477154265626,14.271726608276367,0.0,3,3,0,1,onboard
70,fuel_3000#20,fuel_3000,fuel,20,1,71,31,31,31,mandatory_split,1,3,"516,578,783,1185,1415,1688,1832",584.0,17:44,584.0,17:44,604.0,18:04,0.0,0.0,784.5707,1.64776,1882.391,4.7241,529,16:49,586,17:46,529.0,16:49,586.0,17:46,fuel,0,0,0,0,0,0,463.0,15:43,120.95030975341797,142.94632310504238,31.09786927944191,18.78401092050491,24.172203795535683,52.608551025390625,0.0,1,1,0,1,depot_pending
70,fuel_3000#20,fuel_3000,fuel,20,2,31,78,78,78,normal,1,1,"487,657,698,793,908,945,1022,1121,1188,1199,1484,1559,1646,1655,1704,1707,1865,2060,2139,2152",638.3,18:38,714.0,19:54,734.0,20:14,75.7,0.0,1882.391,4.7241,0.0,0.0,714,19:54,775,20:55,714.0,19:54,775.0,20:55,fuel,0,0,0,0,0,31,603.950309753418,18:04,34.363882407778874,30.379811559719013,6.6091060483170585,3.992090875127334,5.114356749710578,11.917696952819824,0.0,2,2,0,1,depot_pending
71,fuel_3000#21,fuel_3000,fuel,21,1,72,31,31,31,mandatory_split,2,3,1686,540.6,17:01,540.6,17:01,560.6,17:21,0.0,0.0,2993.52505,6.898755,0.0,0.0,529,16:49,586,17:46,529.0,16:49,586.0,17:46,fuel,0,0,0,0,0,0,451.0,15:31,89.6033706665039,144.78968992972068,31.498892399888184,19.026240463826632,24.804779161827206,52.608551025390625,0.0,1,1,0,1,depot_pending
72,fuel_3000#22,fuel_3000,fuel,22,1,73,31,31,31,mandatory_split,3,3,1686,540.6,17:01,540.6,17:01,560.6,17:21,0.0,0.0,2993.52505,6.898755,0.0,0.0,529,16:49,586,17:46,529.0,16:49,586.0,17:46,fuel,0,0,0,0,0,0,451.0,15:31,89.6033706665039,144.78968992972068,31.498892399888184,19.026240463826632,24.804779161827206,52.608551025390625,0.0,1,1,0,1,depot_pending
73,fuel_3000#23,fuel_3000,fuel,23,1,74,36,36,36,mandatory_split,1,2,484,507.6,16:28,507.6,16:28,527.6,16:48,0.0,6.6,2011.9702,6.13895,955.5755,3.5224,436,15:16,501,16:21,436.0,15:16,501.0,16:21,fuel,0,0,0,0,1,0,416.0,14:56,91.61465454101562,151.774660239544,33.01846764251999,19.944107784434166,26.051585656718142,55.37931442260742,0.0,1,1,1,0,onboard
73,fuel_3000#23,fuel_3000,fuel,23,2,33,80,80,80,normal,1,1,"513,694,751,835,839,1085,1353,1724,2100",579.3,17:39,581.0,17:41,601.0,18:01,1.7,0.0,506.3405,1.90288,449.235,1.61952,581,17:41,634,18:34,581.0,17:41,634.0,18:34,fuel,0,0,0,0,0,36,527.6,16:48,51.68827972412115,32.45486927173051,7.060533353851963,4.264766001541459,5.322206178795261,13.733085632324219,0.0,2,2,0,1,onboard
73,fuel_3000#23,fuel_3000,fuel,23,3,168,96,71,96,mandatory_split,2,3,"309,406,573,599,616,673,1113,1257,1457,1563,1975,1979",637.5,18:38,679.0,19:19,699.0,19:39,41.5,0.0,449.235,1.61952,0.0,0.0,679,19:19,765,20:45,679.0,19:19,765.0,20:45,fuel,0,0,0,0,0,80,601.0,18:01,36.51990509033203,25.393192085294352,5.524270585651651,3.336818933678627,4.250126531551361,11.667511940002441,0.0,3,3,0,1,onboard
74,fuel_3000#24,fuel_3000,fuel,24,1,10,24,24,24,normal,1,1,"385,617,1384,1509,2024",539.8,17:00,539.8,17:00,559.8,17:20,0.0,0.0,1262.1673,2.95599,1701.9409,4.597829,531,16:51,616,18:16,531.0,16:51,616.0,18:16,fuel,0,0,0,0,0,0,460.0,15:40,79.81573486328125,129.20754656211216,28.109008371998,16.978652636282806,22.13937167249873,47.09128189086914,0.0,1,1,0,1,depot_pending
74,fuel_3000#24,fuel_3000,fuel,24,2,127,55,55,55,mandatory_split,5,5,"433,444,556,563,594,718,816,820,847,935,964,1044,1134,1207,1360,1671,1706,1847,1870,1945,2002,2123",640.9,18:41,640.9,18:41,660.9,19:01,0.0,0.0,1701.9409,4.597829,0.0,0.0,595,17:55,672,19:12,595.0,17:55,672.0,19:12,fuel,0,0,0,0,0,24,559.8157348632812,17:20,81.04564582370222,55.181787130623,12.004757908554916,7.251220385101576,9.099281433593209,21.474000930786133,0.0,2,2,0,1,depot_pending
75,fuel_3000#25,fuel_3000,fuel,25,2,121,54,54,54,mandatory_split,4,5,"462,976,1442,1499,1598,1699,1743,1759,1862,1885",453.2,15:33,560.0,17:20,580.0,17:40,106.8,0.0,1494.4491,5.78807,0.0,0.0,560,17:20,568,17:28,560.0,17:20,568.0,17:28,fuel,0,0,0,0,0,39,439.33599853515625,15:19,13.835979461669922,19.252256959774044,4.188314587352684,2.529862938209467,3.298823305287199,8.163228034973145,0.0,2,1,1,0,onboard
76,fuel_3000#26,fuel_3000,fuel,26,2,118,54,54,54,mandatory_split,1,5,"319,414,887,1224,1503,1666,2011,2167",453.2,15:33,560.0,17:20,580.0,17:40,106.8,0.0,1497.509,3.97463,0.0,0.0,560,17:20,568,17:28,560.0,17:20,568.0,17:28,fuel,0,0,0,0,0,39,439.33599853515625,15:19,13.835979461669922,19.258806552797058,4.189739446581232,2.5307235943228723,3.2999455607271515,8.163228034973145,0.0,2,1,1,0,onboard
77,fuel_3000#29,fuel_3000,fuel,29,1,98,48,48,48,mandatory_split,1,3,"357,498,533,710,1390",539.6,17:00,539.6,17:00,559.6,17:20,0.0,0.0,2997.2973,7.936744,0.0,0.0,486,16:06,568,17:28,486.0,16:06,568.0,17:28,fuel,0,0,0,0,0,0,479.0,15:59,60.641815185546875,98.47973347997532,21.424194843991216,12.940832257552604,16.87424069538349,35.77867126464844,0.0,1,1,0,1,depot_pending
78,fuel_3000#30,fuel_3000,fuel,30,1,99,48,48,48,mandatory_split,2,3,"1124,1482,1506,1920,2103",539.6,17:00,539.6,17:00,559.6,17:20,0.0,0.0,2999.9331,7.23759,0.0,0.0,486,16:06,568,17:28,486.0,16:06,568.0,17:28,fuel,0,0,0,0,0,0,479.0,15:59,60.641815185546875,98.50446107166756,21.429574313692413,12.944081612571296,16.878477702524833,35.77867126464844,0.0,1,1,0,1,depot_pending
79,fuel_3000#31,fuel_3000,fuel,31,1,100,48,48,48,mandatory_split,3,3,"315,325,431,470,471,509,600,623,645,689,761,766,898,956,963,998,1107,1142,1153,1215,1250,1291,1423,1554,1566,1621,1684,1712,1749,1761,1764,2109",539.6,17:00,539.6,17:00,559.6,17:20,0.0,0.0,2601.4972,6.77283,0.0,0.0,486,16:06,568,17:28,486.0,16:06,568.0,17:28,fuel,0,0,0,0,0,0,479.0,15:59,60.641815185546875,94.76655977007692,20.61639658703691,12.452898787132316,16.237998245180922,35.77867126464844,0.0,1,1,0,1,depot_pending
80,fuel_3000#32,fuel_3000,fuel,32,1,104,50,50,50,mandatory_split,1,3,"838,955,1372,1693,1731",730.1,20:10,730.1,20:10,750.1,20:30,0.0,0.0,2999.105,6.87562,0.0,0.0,729,20:09,778,20:58,729.0,20:09,778.0,20:58,fuel,0,0,0,0,0,0,650.0,18:50,80.12639617919922,190.1399147376397,41.364801030735805,24.98553413109589,33.376853340696975,70.49124145507812,0.0,1,1,0,1,depot_pending
81,fuel_3000#33,fuel_3000,fuel,33,1,106,50,50,50,mandatory_split,3,3,"374,394,401,480,676,684,716,759,787,892,1137,1163,1240,1266,1290,1806,1837,1877,1896,1911,1974,1981,2035,2038,2092,2096,2122,2144",730.1,20:10,730.1,20:10,750.1,20:30,0.0,0.0,2999.1857,10.03701,0.0,0.0,729,20:09,778,20:58,729.0,20:09,778.0,20:58,fuel,0,0,0,0,0,0,650.0,18:50,80.12639617919922,190.14137622327294,41.36511897587905,24.985726179142304,33.37710988752307,70.49124145507812,0.0,1,1,0,1,depot_pending
82,fuel_3000#34,fuel_3000,fuel,34,1,63,10,10,10,mandatory_split,1,3,"3,8,10,41,62,69,77,83,95,108,111,114,120,122,124,125,137,151,168,170,205,207,213,220,227,230,232,239,251,285",701.3,19:41,701.3,19:41,721.3,20:01,0.0,0.0,906.8064,4.26313,1954.0194,4.660751,700,19:40,749,20:29,700.0,19:40,749.0,20:29,fuel,1,0,1,0,0,0,648.0,18:48,53.31499099731445,130.54907459676713,28.400856826370283,17.15493752914154,22.968186157218476,49.138648986816406,0.0,1,1,0,1,depot_pending
82,fuel_3000#34,fuel_3000,fuel,34,2,105,50,50,50,mandatory_split,2,3,"345,604,665,711,712,733,758,947,965,1149,1300,1322,1511,1588,1594,1612,1639,1893,1899,2052,2081,2142",760.0,20:40,760.0,20:40,780.0,21:00,0.0,0.0,1954.0194,4.660751,0.0,0.0,729,20:09,778,20:58,729.0,20:09,778.0,20:58,fuel,0,0,0,0,0,10,721.3149909973145,20:01,38.724544525146484,56.636964184263384,12.321330624869546,7.442439446026725,9.704593614138794,22.84748077392578,0.0,2,2,0,1,depot_pending
83,fuel_3000#35,fuel_3000,fuel,35,1,113,52,52,52,mandatory_split,4,5,1957,494.5,16:14,494.5,16:14,514.5,16:34,0.0,0.0,1285.5998,2.69392,1499.6911,3.37674,425,15:05,512,16:32,425.0,15:05,512.0,16:32,fuel,0,0,0,0,0,0,371.0,14:11,123.45103454589844,237.57197473503018,51.68361140244142,31.218393526285173,41.25378713777092,89.08777618408203,0.0,1,1,1,0,onboard
83,fuel_3000#35,fuel_3000,fuel,35,2,120,54,54,54,mandatory_split,3,5,"390,692,824,927,1052,1154,1175,1561,1668,1830,1882,2150",560.6,17:21,560.6,17:21,580.6,17:41,0.0,0.0,1499.6911,3.37674,0.0,0.0,560,17:20,568,17:28,560.0,17:20,568.0,17:28,fuel,0,0,0,0,0,52,514.5,16:34,46.12957572937012,44.575960100431956,9.697467903320648,5.857550604524567,7.504486568758017,18.41449737548828,0.0,2,2,0,1,onboard
84,fuel_3000#36,fuel_3000,fuel,36,1,115,53,53,53,mandatory_split,1,3,"595,713,842,951,1451,1643,1892,2134",651.9,18:52,651.9,18:52,671.9,19:12,0.0,0.0,2991.351,7.35356,0.0,0.0,599,17:59,652,18:52,599.0,17:59,652.0,18:52,fuel,0,0,0,0,0,0,627.0,18:27,24.942447662353516,55.944075365891834,12.1705931632066,7.351389667002869,9.81284874919758,20.713623046875,0.0,1,1,0,1,depot_pending
85,fuel_3000#37,fuel_3000,fuel,37,1,116,53,53,53,mandatory_split,2,3,"378,389,403,420,463,538,664,677,724,726,937,988,1051,1059,1075,1084,1091,1112,1116,1123,1152,1166,1170,1200,1280,1295,1299,1456,1489,1505,1601,1627,1641,1702,1766,1787,1791,1799,1854,1861,1905,2128,2153",651.9,18:52,651.9,18:52,671.9,19:12,0.0,0.0,2474.0293,7.8809,364.0498,1.5211,599,17:59,652,18:52,599.0,17:59,652.0,18:52,fuel,0,0,0,0,0,0,627.0,18:27,24.942447662353516,55.126768355090896,11.992788613701807,7.243990585425873,9.669489331311157,20.713623046875,0.0,1,1,0,1,depot_pending
85,fuel_3000#37,fuel_3000,fuel,37,2,17,34,34,34,normal,1,1,"960,1229,1253,1363,1427,1443,1466,1614,1969,2080",688.4,19:28,688.4,19:28,708.4,19:48,0.0,0.0,364.0498,1.5211,0.0,0.0,655,18:55,728,20:08,655.0,18:55,728.0,20:08,fuel,0,0,0,0,0,53,671.9424476623535,19:12,16.43701171875,30.54915648247842,6.645946913872161,4.014343821613458,5.374673832188073,15.149445533752441,0.0,2,2,0,1,depot_pending
86,fuel_3000#38,fuel_3000,fuel,38,1,123,55,55,55,mandatory_split,1,5,"876,1101,1168,1287,1595",597.6,17:58,597.6,17:58,617.6,18:18,0.0,0.0,2999.056,8.033215,0.0,0.0,595,17:55,672,19:12,595.0,17:55,672.0,19:12,fuel,0,0,0,0,0,0,444.0,15:24,153.57125854492188,185.46446379713575,40.347660057733,24.37115161591797,31.344259690315756,66.04330444335938,0.0,1,1,1,0,onboard
87,fuel_3000#39,fuel_3000,fuel,39,1,125,55,55,55,mandatory_split,3,5,"860,912,978,1269,2045,2136",597.6,17:58,597.6,17:58,617.6,18:18,0.0,0.0,2999.93,6.45886,0.0,0.0,595,17:55,672,19:12,595.0,17:55,672.0,19:12,fuel,0,0,0,0,0,0,444.0,15:24,153.57125854492188,185.47990289388488,40.351018822072426,24.373180406555175,31.346868961374916,66.04330444335938,0.0,1,1,1,0,onboard
88,fuel_3000#40,fuel_3000,fuel,40,1,126,55,55,55,mandatory_split,4,5,"328,413,455,483,489,511,532,581,624,707,790,791,869,1156,1182,1287,1342,1587,1608,1615,1720,1789,1795,1807,1987,2089",597.6,17:58,597.6,17:58,617.6,18:18,0.0,0.0,2998.1298,9.638025,0.0,0.0,595,17:55,672,19:12,595.0,17:55,672.0,19:12,fuel,0,0,0,0,0,0,444.0,15:24,153.57125854492188,185.44810259415058,40.34410068984836,24.369001654947514,31.341494579497684,66.04330444335938,0.0,1,1,1,0,onboard
91,fuel_3000#48,fuel_3000,fuel,48,5,44,91,91,91,normal,1,1,"1218,1239,1377,2079",456.4,15:36,520.0,16:40,540.0,17:00,63.6,0.0,70.435,0.39102,0.0,0.0,520,16:40,599,17:59,520.0,16:40,599.0,17:59,fuel,0,0,0,0,0,95,448.4149699453774,15:28,7.95501708984375,9.316634983365642,2.026827207189355,1.2242621528732776,1.5963808451763788,4.693459987640381,0.0,5,1,1,0,onboard
92,fuel_3000#49,fuel_3000,fuel,49,1,147,62,62,62,mandatory_split,1,3,"373,610,614,639,719,858,893,1131,1234,1550,1596,1676,1762,1824,1908,1963,2091",720.0,20:00,720.0,20:00,740.0,20:20,0.0,0.0,2998.0621,10.05773,0.0,0.0,671,19:11,721,20:01,671.0,19:11,721.0,20:01,fuel,0,0,0,0,0,0,667.0,19:07,53.04750061035156,131.57392250339385,28.623811747765263,17.28960873894794,23.14813669142046,48.87635803222656,0.0,1,1,0,1,depot_pending
93,fuel_3000#50,fuel_3000,fuel,50,1,148,62,62,62,mandatory_split,2,3,"344,377,421,435,440,481,496,572,584,592,597,744,764,871,903,915,922,987,1014,1028,1030,1111,1145,1194,1337,1367,1412,1421,1422,1507,1514,1580,1603,1729,1746,1779,1811,1866,1878,1965,1973",720.0,20:00,720.0,20:00,740.0,20:20,0.0,0.0,2807.9943,7.725443,0.0,0.0,671,19:11,721,20:01,671.0,19:11,721.0,20:01,fuel,0,0,0,0,0,0,667.0,19:07,53.04750061035156,129.1917718026859,28.105576584485764,16.976579737540856,22.729038826202316,48.87635803222656,0.0,1,1,0,1,depot_pending
94,fuel_3000#51,fuel_3000,fuel,51,1,149,62,62,62,mandatory_split,3,3,"508,1361,1629,1713,1845",720.0,20:00,720.0,20:00,740.0,20:20,0.0,0.0,2998.238,7.3775,0.0,0.0,671,19:11,721,20:01,671.0,19:11,721.0,20:01,fuel,0,0,0,0,0,0,667.0,19:07,53.04750061035156,131.57612708674915,28.62429135328089,17.289898434526826,23.14852454940847,48.87635803222656,0.0,1,1,0,1,depot_pending
95,fuel_3000#52,fuel_3000,fuel,52,1,150,63,63,63,mandatory_split,1,3,"939,1036,1487,1553,1995",540.0,17:00,540.0,17:00,560.0,17:20,0.0,0.0,2999.7849,7.85085,0.0,0.0,472,15:52,554,17:14,472.0,15:52,554.0,17:14,fuel,0,0,0,0,0,0,460.0,15:40,79.96588134765625,129.89196784760992,28.257903728004024,17.068589730303536,22.256644915615883,47.17987060546875,0.0,1,1,0,1,depot_pending
96,fuel_3000#53,fuel_3000,fuel,53,1,151,63,63,63,mandatory_split,2,3,"301,341,422,429,458,488,500,505,634,644,647,705,706,774,814,851,890,891,932,1041,1092,1093,1180,1181,1243,1318,1354,1364,1645,1734,1751,1868,1873,1926,1947,2063,2067,2118,2156",540.0,17:00,540.0,17:00,560.0,17:20,0.0,0.0,2696.7101,7.52466,0.0,0.0,472,15:52,554,17:14,472.0,15:52,554.0,17:14,fuel,0,0,0,0,0,0,460.0,15:40,79.96588134765625,126.14265464243933,27.44224334997246,16.575907311752868,21.614210020928535,47.17987060546875,0.0,1,1,0,1,depot_pending
97,fuel_3000#54,fuel_3000,fuel,54,1,152,63,63,63,mandatory_split,3,3,"715,966,1209,1478,1738,1781,2086,2165",540.0,17:00,540.0,17:00,560.0,17:20,0.0,0.0,2996.495,8.40234,0.0,0.0,472,15:52,554,17:14,472.0,15:52,554.0,17:14,fuel,0,0,0,0,0,0,460.0,15:40,79.96588134765625,129.85126876766765,28.24904967257716,17.063241625186286,22.249671235982895,47.17987060546875,0.0,1,1,0,1,depot_pending
101,fuel_3000#58,fuel_3000,fuel,58,1,162,68,68,68,mandatory_split,2,4,"326,346,410,417,546,575,650,725,729,754,784,870,918,990,992,1007,1104,1150,1159,1164,1187,1394,1398,1402,1424,1599,1648,1773,1784,1839,1916,1924,1937,1940,2005,2048,2133",707.2,19:47,707.2,19:47,727.2,20:07,0.0,0.0,2922.536,7.12387,0.0,0.0,631,18:31,708,19:48,631.0,18:31,708.0,19:48,fuel,0,0,0,0,0,0,652.0,18:52,55.21357345581055,136.00327944686256,29.58741514957337,17.871653015356447,23.92777207614136,50.888511657714844,0.0,1,1,0,1,depot_pending
103,fuel_3000#60,fuel_3000,fuel,60,1,177,75,75,75,mandatory_split,2,2,"613,900,957,1002,1034,1042,1064,1173,1223,1259,1350,1440,1626,1651,1753,1765,1771,1949,1970,2087",464.2,15:44,464.2,15:44,484.2,16:04,0.0,0.0,1015.2405,3.37124,1798.9699,4.32991,385,14:25,465,15:45,385.0,14:25,465.0,15:45,fuel,0,0,0,0,0,0,374.0,14:14,90.19403076171875,182.648020717297,39.73494490125112,24.001053970735477,31.810699841605633,68.47114562988281,0.0,1,1,1,0,onboard
103,fuel_3000#60,fuel_3000,fuel,60,2,66,27,27,27,mandatory_split,1,2,1206,524.3,16:44,591.0,17:51,611.0,18:11,66.7,0.0,1798.9699,4.32991,0.0,0.0,591,17:51,667,19:07,591.0,17:51,667.0,19:07,fuel,0,0,0,0,0,75,484.2,16:04,40.082889556884766,57.662175681283735,12.54436464509189,7.577158433808638,9.880261345802566,23.64890480041504,0.0,2,2,0,1,onboard
